batch_row,source_row,position,subtoken,word,label_id,label
0,1075,0,[CLS],,-100,IGNORE
0,1075,1,for,For,1,ADP
0,1075,2,example,example,7,NOUN
0,1075,3,",",",",12,PUNCT
0,1075,4,is,is,3,AUX
0,1075,5,the,the,5,DET
0,1075,6,system,system,7,NOUN
0,1075,7,of,of,1,ADP
0,1075,8,crowley,Crowleyan,0,ADJ
0,1075,9,##an,Crowleyan,-100,IGNORE
0,1075,10,the,Thelema,11,PROPN
0,1075,11,##lem,Thelema,-100,IGNORE
0,1075,12,##a,Thelema,-100,IGNORE
0,1075,13,a,a,5,DET
0,1075,14,failed,failed,15,VERB
0,1075,15,al,alchemical,0,ADJ
0,1075,16,##chemical,alchemical,-100,IGNORE
0,1075,17,process,process,7,NOUN
0,1075,18,?,?,12,PUNCT
0,1075,19,[SEP],,-100,IGNORE
0,1075,20,[PAD],,-100,IGNORE
0,1075,21,[PAD],,-100,IGNORE
0,1075,22,[PAD],,-100,IGNORE
0,1075,23,[PAD],,-100,IGNORE
0,1075,24,[PAD],,-100,IGNORE
0,1075,25,[PAD],,-100,IGNORE
0,1075,26,[PAD],,-100,IGNORE
0,1075,27,[PAD],,-100,IGNORE
0,1075,28,[PAD],,-100,IGNORE
0,1075,29,[PAD],,-100,IGNORE
0,1075,30,[PAD],,-100,IGNORE
0,1075,31,[PAD],,-100,IGNORE
0,1075,32,[PAD],,-100,IGNORE
0,1075,33,[PAD],,-100,IGNORE
0,1075,34,[PAD],,-100,IGNORE
0,1075,35,[PAD],,-100,IGNORE
0,1075,36,[PAD],,-100,IGNORE
0,1075,37,[PAD],,-100,IGNORE
0,1075,38,[PAD],,-100,IGNORE
0,1075,39,[PAD],,-100,IGNORE
0,1075,40,[PAD],,-100,IGNORE
0,1075,41,[PAD],,-100,IGNORE
0,1075,42,[PAD],,-100,IGNORE
0,1075,43,[PAD],,-100,IGNORE
1,5561,0,[CLS],,-100,IGNORE
1,5561,1,the,The,5,DET
1,5561,2,other,other,0,ADJ
1,5561,3,canadian,Canadian,0,ADJ
1,5561,4,recipient,recipient,7,NOUN
1,5561,5,of,of,1,ADP
1,5561,6,the,the,5,DET
1,5561,7,medal,medal,7,NOUN
1,5561,8,was,was,3,AUX
1,5561,9,ronald,Ronald,11,PROPN
1,5561,10,joseph,Joseph,11,PROPN
1,5561,11,crawford,Crawford,11,PROPN
1,5561,12,",",",",12,PUNCT
1,5561,13,42,42,8,NUM
1,5561,14,",",",",12,PUNCT
1,5561,15,of,of,1,ADP
1,5561,16,hamilton,Hamilton,11,PROPN
1,5561,17,",",",",12,PUNCT
1,5561,18,who,who,10,PRON
1,5561,19,was,was,3,AUX
1,5561,20,killed,killed,15,VERB
1,5561,21,aug,Aug.,11,PROPN
1,5561,22,.,Aug.,-100,IGNORE
1,5561,23,4,4,8,NUM
1,5561,24,",",",",12,PUNCT
1,5561,25,2002,2002,8,NUM
1,5561,26,",",",",12,PUNCT
1,5561,27,while,while,13,SCONJ
1,5561,28,trying,trying,15,VERB
1,5561,29,to,to,9,PART
1,5561,30,defend,defend,15,VERB
1,5561,31,a,a,5,DET
1,5561,32,hamilton,Hamilton,11,PROPN
1,5561,33,sandwich,sandwich,7,NOUN
1,5561,34,shop,shop,7,NOUN
1,5561,35,owner,owner,7,NOUN
1,5561,36,from,from,1,ADP
1,5561,37,a,a,5,DET
1,5561,38,robber,robber,7,NOUN
1,5561,39,wielding,wielding,15,VERB
1,5561,40,a,a,5,DET
1,5561,41,knife,knife,7,NOUN
1,5561,42,.,.,12,PUNCT
1,5561,43,[SEP],,-100,IGNORE
